{
    "log": {
        "default_level": "error",
        "default_channel": "android_log",
        "default_mask": "enable_all",
        "default_format": [
            "basic"
        ]
    },
    "dump": {
        "default_mask": "enable_all",
        "default_name": "auto"
    },
    "platform": {
        "name": "common",
        "dev_info": "WM220 1860RC",
        "hw_str": "WM220 RC"
    },
    "hal": {
        "device_list": [
            {"name": "/dev/venc0",      "attach": "duss_hal_attach_p1_venc",      "detach": "duss_hal_detach_p1_venc"     },
            {"name": "/dev/vdec0",      "attach": "duss_hal_attach_p1_vdec",      "detach": "duss_hal_detach_p1_vdec"     },
            {"name": "/dev/o2d",        "attach": "duss_hal_attach_p1_o2d",       "detach": "duss_hal_detach_p1_o2d"      },
            {"name": "/dev/vmem",       "attach": "duss_hal_attach_p1_vmem",      "detach": "duss_hal_detach_p1_vmem"     },
            {"name": "/dev/ttyS0",      "attach": "duss_hal_attach_linux_tty",    "detach": "duss_hal_detach_linux_tty"   },
            {"name": "/dev/ttyS1",      "attach": "duss_hal_attach_linux_tty",    "detach": "duss_hal_detach_linux_tty"   },
            {"name": "/dev/ttyS2",      "attach": "duss_hal_attach_linux_tty",    "detach": "duss_hal_detach_linux_tty"   },
            {"name": "/dev/ttyS3",      "attach": "duss_hal_attach_linux_tty",    "detach": "duss_hal_detach_linux_tty"   },
            {"name": "/dev/ttyGS0",     "attach": "duss_hal_attach_linux_tty",    "detach": "duss_hal_detach_linux_tty"   },
            {"name": "/dev/spidev0.0",  "attach": "duss_hal_attach_linux_spi",    "detach": "duss_hal_detach_linux_spi"   },
            {"name": "/dev/spidev1.0",  "attach": "duss_hal_attach_linux_spi",    "detach": "duss_hal_detach_linux_spi"   },
            {"name": "/sys/class/gpio", "attach": "duss_hal_attach_linux_gpio",   "detach": "duss_hal_detach_linux_gpio"  }
        ]
    },
    "process": {
        "dji_monitor": {
            "log": {
                "default_level": "error",
                "default_channel": "android_log",
                "default_mask": "enable_all",
                "default_format": [
                    "basic"
                ]
            },
            "dump": {
                "default_mask": "enable_all",
                "default_name": "auto",
                "output_port": 8905,
                "default_enable": 0
            }
        },
        "dji_sys": {
            "log": {
                "default_level": "warning",
                "default_channel": "android_log",
                "default_mask": "enable_all",
                "default_module": [
                    {"upgrade": "info"}
                ],
                "default_format": [
                    "basic"
                ]
            },
            "dump": {
                "default_mask": "enable_all",
                "default_name": "auto",
                "output_port": 8906,
                "default_enable": 0
            }
        },
        "dji_hdvt_gnd": {
            "log": {
                "default_level": "warning",
                "default_channel": "android_log",
                "default_mask": "enable_all",
                "default_module": [
                    {"upgrade": "info"}
                ],
                "default_format": [
                    "basic"
                ]
            },
            "dump": {
                "default_mask": "enable_all",
                "default_name": "auto",
                "output_port": 8909,
                "default_enable": 0
            }
        },
        "sdrs": {
            "log": {
                "default_level": "warning",
                "default_channel": "android_log",
                "default_mask": "enable_all",
                "default_format": [
                    "basic"
                ]
            },
            "dump": {
                "default_mask": "enable_all",
                "default_name": "auto",
                "output_port": 8912,
                "default_enable": 0
            }
        },
        "sdrs_log": {
            "log": {
                "default_level": "warning",
                "default_channel": "android_log",
                "default_mask": "enable_all",
                "default_format": [
                    "basic"
                ]
            },
            "dump": {
                "default_mask": "enable_all",
                "default_name": "auto",
                "output_port": 8913,
                "default_enable": 0
            }
        }
    },
    "vtgnd_service": {
        "mb_route_table": {
            "vt_sdr": {
                "host": "vt_gnd", "index": 0,
                "1": {"status": 1, "target": "ve_gnd", "index": 0, "channel": "local", "distance": 0, "protocol": "logic",
                      "local": {"direct_host": "ve_gnd", "index": 0}},
                "2": {"status": 1, "target": "ve_gnd", "index": 1, "channel": "local", "distance": 0, "protocol": "logic",
                      "local": {"direct_host": "ve_gnd", "index": 1}},
                "3": {"status": 1, "target": "rc", "index": 0, "channel": "uart",  "distance": 0, "protocol": "v1",
                      "uart": {"interface": "/dev/ttyS1", "baudrate": 115200, "parity": 0, "stopbit": 0, "wordlen": 8}},
                "4": {"status": 1, "target": "mobile", "index": 0, "channel": "adb", "distance": 0, "protocol": "v1",
                      "adb": {"interface": "wlan0", "local_port": 0, "remote_address": "127.0.0.1", "remote_port": 22345}},
                "5": {"status": 1, "target": "all",  "index": 0, "channel": "local", "distance": 0, "protocol": "logic",
                      "local": {"direct_host": "all", "index": 0}},
                "6": {"status": 1, "target": "camera", "index": 0, "channel": "wl", "distance": 0, "protocol": "v1",
                      "wl": {"interface": "iwlan0", "local_port": 0, "remote_address": "0.0.0.0", "remote_port": 0, "server": false, "protocol": "dmp"}},
                "7": {"status": 1, "target": "bvision", "index": 0, "channel": "wl", "distance": 0, "protocol": "v1",
                      "wl": {"interface": "iwlan0", "local_port": 0, "remote_address": "0.0.0.0", "remote_port": 0, "server": false, "protocol": "dmp"}},
                "8": {"status": 1, "target": "mvision", "index": 7, "channel": "wl", "distance": 0, "protocol": "v1",
                      "wl": {"interface": "iwlan0", "local_port": 0, "remote_address": "0.0.0.0", "remote_port": 0, "server": false, "protocol": "dmp"}},
                "9": {"status": 1, "target": "gimbal", "index": 0, "channel": "wl", "distance": 0, "protocol": "v1",
                      "wl": {"interface": "iwlan0", "local_port": 0, "remote_address": "0.0.0.0", "remote_port": 0, "server": false, "protocol": "dmp"}},
                "10": {"status": 1, "target": "gimbal", "index": 1, "channel": "wl", "distance": 0, "protocol": "v1",
                      "wl": {"interface": "iwlan0", "local_port": 0, "remote_address": "0.0.0.0", "remote_port": 0, "server": false, "protocol": "dmp"}},
                "11": {"status": 1, "target": "gimbal", "index": 2, "channel": "wl", "distance": 0, "protocol": "v1",
                      "wl": {"interface": "iwlan0", "local_port": 0, "remote_address": "0.0.0.0", "remote_port": 0, "server": false, "protocol": "dmp"}},
                "12": {"status": 1, "target": "flight", "index": 0, "channel": "wl", "distance": 0, "protocol": "v1",
                      "wl": {"interface": "iwlan0", "local_port": 0, "remote_address": "0.0.0.0", "remote_port": 0, "server": false, "protocol": "dmp"}},
                "13": {"status": 1, "target": "flight", "index": 5, "channel": "wl", "distance": 0, "protocol": "v1",
                      "wl": {"interface": "iwlan0", "local_port": 0, "remote_address": "0.0.0.0", "remote_port": 0, "server": false, "protocol": "dmp"}},
                "14": {"status": 1, "target": "flight", "index": 6, "channel": "wl", "distance": 0, "protocol": "v1",
                      "wl": {"interface": "iwlan0", "local_port": 0, "remote_address": "0.0.0.0", "remote_port": 0, "server": false, "protocol": "dmp"}},
                "15": {"status": 1, "target": "battery", "index": 0, "channel": "wl", "distance": 0, "protocol": "v1",
                      "wl": {"interface": "iwlan0", "local_port": 0, "remote_address": "0.0.0.0", "remote_port": 0, "server": false, "protocol": "dmp"}},
                "16": {"status": 1, "target": "esc", "index": 0, "channel": "wl", "distance": 0, "protocol": "v1",
                      "wl": {"interface": "iwlan0", "local_port": 0, "remote_address": "0.0.0.0", "remote_port": 0, "server": false, "protocol": "dmp"}},
                "17": {"status": 1, "target": "esc", "index": 1, "channel": "wl", "distance": 0, "protocol": "v1",
                      "wl": {"interface": "iwlan0", "local_port": 0, "remote_address": "0.0.0.0", "remote_port": 0, "server": false, "protocol": "dmp"}},
                "18": {"status": 1, "target": "esc", "index": 2, "channel": "wl", "distance": 0, "protocol": "v1",
                      "wl": {"interface": "iwlan0", "local_port": 0, "remote_address": "0.0.0.0", "remote_port": 0, "server": false, "protocol": "dmp"}},
                "19": {"status": 1, "target": "esc", "index": 3, "channel": "wl", "distance": 0, "protocol": "v1",
                      "wl": {"interface": "iwlan0", "local_port": 0, "remote_address": "0.0.0.0", "remote_port": 0, "server": false, "protocol": "dmp"}},
                "20": {"status": 1, "target": "ve_air",  "index": 0, "channel": "wl", "distance": 0, "protocol": "v1",
                      "wl": {"interface": "iwlan0", "local_port": 0, "remote_address": "0.0.0.0", "remote_port": 0, "server": false, "protocol": "dmp"}},
                "21": {"status": 1, "target": "ve_air",  "index": 1, "channel": "wl", "distance": 0, "protocol": "v1",
                      "wl": {"interface": "iwlan0", "local_port": 0, "remote_address": "0.0.0.0", "remote_port": 0, "server": false, "protocol": "dmp"}},
                "22": {"status": 1, "target": "ve_air",  "index": 2, "channel": "wl", "distance": 0, "protocol": "v1",
                      "wl": {"interface": "iwlan0", "local_port": 0, "remote_address": "0.0.0.0", "remote_port": 0, "server": false, "protocol": "dmp"}},
                "23": {"status": 1, "target": "ve_air",  "index": 4, "channel": "wl", "distance": 0, "protocol": "v1",
                      "wl": {"interface": "iwlan0", "local_port": 0, "remote_address": "0.0.0.0", "remote_port": 0, "server": false, "protocol": "dmp"}},
                "24": {"status": 1, "target": "vt_air", "index": 0, "channel": "wl", "distance": 0, "protocol": "v1",
                      "wl": {"interface": "iwlan0", "local_port": 0, "remote_address": "0.0.0.0", "remote_port": 0, "server": false, "protocol": "dmp"}},
                "25": {"status": 1, "target": "pc", "index": 0, "channel": "local",  "distance": 0, "protocol": "logic",
                     "local": {"direct_host": "ve_gnd", "index": 1}},
                "26": {"status": 1, "target": "pc", "index": 1, "channel": "local",  "distance": 0, "protocol": "logic",
                     "local": {"direct_host": "ve_gnd", "index": 1}},
                "27": {"status": 1, "target": "pc",  "index": 3, "channel": "local", "distance": 0, "protocol": "logic",
                     "local": {"direct_host": "pc", "index": 3}},
                "28": {"status": 1, "target": "test", "index": 0, "channel": "local", "distance": 0, "protocol": "logic",
                      "local": {"direct_host": "test", "index": 0}},
                "29": {"status": 1, "target": "whoami",  "index": 0, "channel": "local", "distance": 0, "protocol": "logic",
                      "local": {"direct_host": "whoami", "index": 0}},
                "32": {"status": 1, "target": "vt_air", "index": 7, "channel": "wl", "distance": 0, "protocol": "v1",
                      "wl": {"interface": "iwlan0", "local_port": 0, "remote_address": "0.0.0.0", "remote_port": 0, "server": false, "protocol": "dmp"}},
                "33": {"status": 1, "target": "vt_gnd", "index": 7, "channel": "local", "distance": 0, "protocol": "logic",
                      "local": {"direct_host": "vt_gnd", "index": 7}},
                "34": {"status": 1, "target": "glass", "index": 0, "channel": "wl", "distance": 0, "protocol": "v1",
                      "wl": {"interface": "iwlan0", "local_port": 0, "remote_address": "0.0.0.0", "remote_port": 0, "server": false, "protocol": "dmp"}},
                "35": {"status": 1, "target": "glass", "index": 1, "channel": "wl", "distance": 0, "protocol": "v1",
                      "wl": {"interface": "iwlan0", "local_port": 0, "remote_address": "0.0.0.0", "remote_port": 0, "server": false, "protocol": "dmp"}},
                "36": {"status": 1, "target": "glass", "index": 7, "channel": "wl", "distance": 0, "protocol": "v1",
                      "wl": {"interface": "iwlan0", "local_port": 0, "remote_address": "0.0.0.0", "remote_port": 0, "server": false, "protocol": "dmp"}},
                "37": {"status": 1, "target": "ve_gnd", "index": 7, "channel": "local", "distance": 0, "protocol": "logic",
                      "local": {"direct_host": "ve_gnd", "index": 7}}
            },
            "vt_sdr_fc": {
                "host": "vt_gnd", "index": 0,
                "1": {"status": 1, "target": "ve_gnd", "index": 0, "channel": "local", "distance": 0, "protocol": "logic",
                      "local": {"direct_host": "ve_gnd", "index": 0}},
                "2": {"status": 1, "target": "ve_gnd", "index": 1, "channel": "local", "distance": 0, "protocol": "logic",
                      "local": {"direct_host": "ve_gnd", "index": 1}},
                "3": {"status": 1, "target": "rc", "index": 0, "channel": "uart",  "distance": 0, "protocol": "v1",
                      "uart": {"interface": "/dev/ttyS1", "baudrate": 115200, "parity": 0, "stopbit": 0, "wordlen": 8}},
                "4": {"status": 1, "target": "mobile", "index": 0, "channel": "adb", "distance": 0, "protocol": "v1",
                      "adb": {"interface": "wlan0", "local_port": 0, "remote_address": "127.0.0.1", "remote_port": 22345}},
                "5": {"status": 1, "target": "all",  "index": 0, "channel": "local", "distance": 0, "protocol": "logic",
                      "local": {"direct_host": "all", "index": 0}},
                "6": {"status": 1, "target": "camera", "index": 0, "channel": "wl", "distance": 0, "protocol": "v1",
                      "wl": {"interface": "iwlan0", "local_port": 0, "remote_address": "0.0.0.0", "remote_port": 0, "server": false, "protocol": "dmp_v2"}},
                "7": {"status": 1, "target": "bvision", "index": 0, "channel": "wl", "distance": 0, "protocol": "v1",
                      "wl": {"interface": "iwlan0", "local_port": 0, "remote_address": "0.0.0.0", "remote_port": 0, "server": false, "protocol": "dmp_v2"}},
                "8": {"status": 1, "target": "mvision", "index": 7, "channel": "wl", "distance": 0, "protocol": "v1",
                      "wl": {"interface": "iwlan0", "local_port": 0, "remote_address": "0.0.0.0", "remote_port": 0, "server": false, "protocol": "dmp_v2"}},
                "9": {"status": 1, "target": "gimbal", "index": 0, "channel": "wl", "distance": 0, "protocol": "v1",
                      "wl": {"interface": "iwlan0", "local_port": 0, "remote_address": "0.0.0.0", "remote_port": 0, "server": false, "protocol": "dmp_v2"}},
                "10": {"status": 1, "target": "gimbal", "index": 1, "channel": "wl", "distance": 0, "protocol": "v1",
                      "wl": {"interface": "iwlan0", "local_port": 0, "remote_address": "0.0.0.0", "remote_port": 0, "server": false, "protocol": "dmp_v2"}},
                "11": {"status": 1, "target": "gimbal", "index": 2, "channel": "wl", "distance": 0, "protocol": "v1",
                      "wl": {"interface": "iwlan0", "local_port": 0, "remote_address": "0.0.0.0", "remote_port": 0, "server": false, "protocol": "dmp_v2"}},
                "12": {"status": 1, "target": "flight", "index": 0, "channel": "wl", "distance": 0, "protocol": "v1",
                      "wl": {"interface": "iwlan0", "local_port": 0, "remote_address": "0.0.0.0", "remote_port": 1, "server": false, "protocol": "dmp_v2"}},
                "13": {"status": 1, "target": "flight", "index": 5, "channel": "wl", "distance": 0, "protocol": "v1",
                      "wl": {"interface": "iwlan0", "local_port": 0, "remote_address": "0.0.0.0", "remote_port": 1, "server": false, "protocol": "dmp_v2"}},
                "14": {"status": 1, "target": "flight", "index": 6, "channel": "wl", "distance": 0, "protocol": "v1",
                      "wl": {"interface": "iwlan0", "local_port": 0, "remote_address": "0.0.0.0", "remote_port": 1, "server": false, "protocol": "dmp_v2"}},
                "15": {"status": 1, "target": "battery", "index": 0, "channel": "wl", "distance": 0, "protocol": "v1",
                      "wl": {"interface": "iwlan0", "local_port": 0, "remote_address": "0.0.0.0", "remote_port": 0, "server": false, "protocol": "dmp_v2"}},
                "16": {"status": 1, "target": "esc", "index": 0, "channel": "wl", "distance": 0, "protocol": "v1",
                      "wl": {"interface": "iwlan0", "local_port": 0, "remote_address": "0.0.0.0", "remote_port": 0, "server": false, "protocol": "dmp_v2"}},
                "17": {"status": 1, "target": "esc", "index": 1, "channel": "wl", "distance": 0, "protocol": "v1",
                      "wl": {"interface": "iwlan0", "local_port": 0, "remote_address": "0.0.0.0", "remote_port": 0, "server": false, "protocol": "dmp_v2"}},
                "18": {"status": 1, "target": "esc", "index": 2, "channel": "wl", "distance": 0, "protocol": "v1",
                      "wl": {"interface": "iwlan0", "local_port": 0, "remote_address": "0.0.0.0", "remote_port": 0, "server": false, "protocol": "dmp_v2"}},
                "19": {"status": 1, "target": "esc", "index": 3, "channel": "wl", "distance": 0, "protocol": "v1",
                      "wl": {"interface": "iwlan0", "local_port": 0, "remote_address": "0.0.0.0", "remote_port": 0, "server": false, "protocol": "dmp_v2"}},
                "20": {"status": 1, "target": "ve_air",  "index": 0, "channel": "wl", "distance": 0, "protocol": "v1",
                      "wl": {"interface": "iwlan0", "local_port": 0, "remote_address": "0.0.0.0", "remote_port": 0, "server": false, "protocol": "dmp_v2"}},
                "21": {"status": 1, "target": "ve_air",  "index": 1, "channel": "wl", "distance": 0, "protocol": "v1",
                      "wl": {"interface": "iwlan0", "local_port": 0, "remote_address": "0.0.0.0", "remote_port": 0, "server": false, "protocol": "dmp_v2"}},
                "22": {"status": 1, "target": "ve_air",  "index": 2, "channel": "wl", "distance": 0, "protocol": "v1",
                      "wl": {"interface": "iwlan0", "local_port": 0, "remote_address": "0.0.0.0", "remote_port": 0, "server": false, "protocol": "dmp_v2"}},
                "23": {"status": 1, "target": "ve_air",  "index": 4, "channel": "wl", "distance": 0, "protocol": "v1",
                      "wl": {"interface": "iwlan0", "local_port": 0, "remote_address": "0.0.0.0", "remote_port": 0, "server": false, "protocol": "dmp_v2"}},
                "24": {"status": 1, "target": "vt_air", "index": 0, "channel": "wl", "distance": 0, "protocol": "v1",
                      "wl": {"interface": "iwlan0", "local_port": 0, "remote_address": "0.0.0.0", "remote_port": 0, "server": false, "protocol": "dmp_v2"}},
                "25": {"status": 1, "target": "pc", "index": 0, "channel": "local",  "distance": 0, "protocol": "logic",
                     "local": {"direct_host": "ve_gnd", "index": 1}},
                "26": {"status": 1, "target": "pc", "index": 1, "channel": "local",  "distance": 0, "protocol": "logic",
                     "local": {"direct_host": "ve_gnd", "index": 1}},
                "27": {"status": 1, "target": "pc",  "index": 3, "channel": "local", "distance": 0, "protocol": "logic",
                     "local": {"direct_host": "pc", "index": 3}},
                "28": {"status": 1, "target": "test", "index": 0, "channel": "local", "distance": 0, "protocol": "logic",
                      "local": {"direct_host": "test", "index": 0}},
                "29": {"status": 1, "target": "whoami",  "index": 0, "channel": "local", "distance": 0, "protocol": "logic",
                      "local": {"direct_host": "whoami", "index": 0}},
                "32": {"status": 1, "target": "vt_air", "index": 7, "channel": "wl", "distance": 0, "protocol": "v1",
                      "wl": {"interface": "iwlan0", "local_port": 0, "remote_address": "0.0.0.0", "remote_port": 0, "server": false, "protocol": "dmp_v2"}},
                "33": {"status": 1, "target": "vt_gnd", "index": 7, "channel": "local", "distance": 0, "protocol": "logic",
                      "local": {"direct_host": "vt_gnd", "index": 7}},
                "34": {"status": 1, "target": "glass", "index": 0, "channel": "wl", "distance": 0, "protocol": "v1",
                      "wl": {"interface": "iwlan0", "local_port": 0, "remote_address": "0.0.0.0", "remote_port": 0, "server": false, "protocol": "dmp_v2"}},
                "35": {"status": 1, "target": "glass", "index": 1, "channel": "wl", "distance": 0, "protocol": "v1",
                      "wl": {"interface": "iwlan0", "local_port": 0, "remote_address": "0.0.0.0", "remote_port": 0, "server": false, "protocol": "dmp_v2"}},
                "36": {"status": 1, "target": "glass", "index": 7, "channel": "wl", "distance": 0, "protocol": "v1",
                      "wl": {"interface": "iwlan0", "local_port": 0, "remote_address": "0.0.0.0", "remote_port": 0, "server": false, "protocol": "dmp_v2"}},
                "37": {"status": 1, "target": "ve_gnd", "index": 7, "channel": "local", "distance": 0, "protocol": "logic",
                      "local": {"direct_host": "ve_gnd", "index": 7}},
                "38": {"status": 1, "target": "mvision",  "index": 0, "channel": "wl",  "distance": 0, "protocol": "v1",
                      "wl": {"interface": "iwlan0", "local_port": 1234, "remote_address": "192.168.41.1", "remote_port": 4321, "server": true, "protocol": "udp"}},
                "39": {"status": 1, "target": "mobile", "index": 6, "channel": "adb", "distance": 0, "protocol": "v1",
                      "adb": {"interface": "wlan0", "local_port": 0, "remote_address": "127.0.0.1", "remote_port": 22345}},
                "40": {"status": 1, "target": "mobile", "index": 7, "channel": "adb", "distance": 0, "protocol": "v1",
                      "adb": {"interface": "wlan0", "local_port": 0, "remote_address": "127.0.0.1", "remote_port": 22345}},
                "41": {"status": 1, "target": "vt_air", "index": 6, "channel": "wl", "distance": 0, "protocol": "v1",
                     "wl": {"interface": "iwlan0", "local_port": 9999, "remote_address": "192.168.41.1", "remote_port": 0, "server": true, "protocol": "udp"}},
                "42": {"status": 1, "target": "mobile", "index": 2, "channel": "adb", "distance": 0, "protocol": "v1",
                      "adb": {"interface": "wlan0", "local_port": 0, "remote_address": "127.0.0.1", "remote_port": 22345}}
            }
        }
    },
    "system_service": {
        "mb_route_table": {
            "system": {
                "host": "ve_gnd", "index": 1,
                "1": {"status": 1, "target": "ve_gnd", "index": 0, "channel": "local", "distance": 0, "protocol": "logic",
                      "local": {"direct_host": "ve_gnd", "index": 0}},
                "2": {"status": 1, "target": "vt_gnd", "index": 0, "channel": "local", "distance": 0, "protocol": "logic",
                      "local": {"direct_host": "vt_gnd", "index": 0}},
                "3": {"status": 1, "target": "ve_air", "index": 1, "channel": "local", "distance": 0, "protocol": "logic",
                      "local": {"direct_host": "pc", "index": 3}},
                "4": {"status": 1, "target": "vt_gnd", "index": 7, "channel": "local", "distance": 0, "protocol": "logic",
                      "local": {"direct_host": "vt_gnd", "index": 7}},
                "5": {"status": 1, "target": "rc", "index": 0, "channel": "local",  "distance": 0, "protocol": "logic",
                      "local": {"direct_host": "vt_gnd", "index": 0}},
                "6": {"status": 1, "target": "vt_air", "index": 0, "channel": "local", "distance": 0, "protocol": "logic",
                      "local": {"direct_host": "vt_gnd", "index": 0}},
                "7": {"status": 1, "target": "mobile", "index": 0, "channel": "local", "distance": 0, "protocol": "logic",
                      "local": {"direct_host": "vt_gnd", "index": 0}},
                "8": {"status": 1, "target": "pc", "index": 0, "channel": "uart",  "distance": 0, "protocol": "v1",
                    "uart": {"interface": "/dev/ttyGS0", "baudrate": 115200, "parity": 0, "stopbit": 0, "wordlen": 8}},
                "9": {"status": 1, "target": "pc", "index": 1, "channel": "uart",  "distance": 0, "protocol": "v1",
                    "uart": {"interface": "/dev/ttyGS0", "baudrate": 115200, "parity": 0, "stopbit": 0, "wordlen": 8}},
                "10": {"status": 1, "target": "pc",  "index": 3, "channel": "local", "distance": 0, "protocol": "logic",
                     "local": {"direct_host": "pc", "index": 3}},
                "11": {"status": 1, "target": "whoami",  "index": 0, "channel": "local", "distance": 0, "protocol": "logic",
                     "local": {"direct_host": "whoami", "index": 0}},
                "12": {"status": 1, "target": "test",  "index": 0, "channel": "local", "distance": 0, "protocol": "logic",
                     "local": {"direct_host": "test", "index": 0}},
                "13": {"status": 1, "target": "all",  "index": 0, "channel": "local", "distance": 0, "protocol": "logic",
                      "local": {"direct_host": "all", "index": 0}},
                "14": {"status": 1, "target": "glass", "index": 1, "channel": "local", "distance": 0, "protocol": "logic",
                      "local": {"direct_host": "pc", "index": 3}},
                "15": {"status": 1, "target": "flight", "index": 6, "channel": "local", "distance": 0, "protocol": "logic",
                      "local": {"direct_host": "vt_gnd", "index": 0}},
                "16": {"status": 1, "target": "ve_gnd", "index": 7, "channel": "local", "distance": 0, "protocol": "logic",
                      "local": {"direct_host": "ve_gnd", "index": 7}}
            },
            "sdr": {
                "host": "vt_gnd", "index": 7,
                "1": {"status": 1, "target": "ve_gnd", "index": 1, "channel": "local", "distance": 0, "protocol": "logic",
                      "local": {"direct_host": "ve_gnd", "index": 1}},
                "2": {"status": 1, "target": "pc",  "index": 0, "channel": "local",  "distance": 0, "protocol": "logic",
                      "local": {"direct_host": "ve_gnd", "index": 1}},
                "3": {"status": 1, "target": "pc", "index": 1, "channel": "local", "distance": 0, "protocol": "logic",
                      "local": {"direct_host": "ve_gnd", "index": 1}},
                "4": {"status": 1, "target": "mobile", "index": 0, "channel": "local", "distance": 0, "protocol": "logic",
                      "local": {"direct_host": "vt_gnd", "index": 0}},
                "5": {"status": 1, "target": "vt_gnd", "index": 0, "channel": "local", "distance": 0, "protocol": "logic",
                      "local": {"direct_host": "vt_gnd", "index": 0}},
                "6": {"status": 1, "target": "ve_air", "index": 1, "channel": "local", "distance": 0, "protocol": "logic",
                      "local": {"direct_host": "vt_gnd", "index": 0}},
                "7": {"status": 1, "target": "glass", "index": 1, "channel": "local", "distance": 0, "protocol": "logic",
                      "local": {"direct_host": "vt_gnd", "index": 0}},
                "8": {"status": 1, "target": "pc", "index": 3, "channel": "local", "distance": 0, "protocol": "logic",
                      "local": {"direct_host": "pc", "index": 3}}
            },
            "sec_upgrade": {
                "host": "pc", "index": 3,
                "1": {"status": 1, "target": "ve_gnd", "index": 1, "channel": "local", "distance": 0, "protocol": "logic",
                      "local": {"direct_host": "ve_gnd", "index": 1}},
                "2": {"status": 1, "target": "vt_gnd", "index": 0, "channel": "local", "distance": 0, "protocol": "logic",
                      "local": {"direct_host": "vt_gnd", "index": 0}},
                "3": {"status": 1, "target": "rc", "index": 0, "channel": "local",  "distance": 0, "protocol": "logic",
                      "local": {"direct_host": "vt_gnd", "index": 0}},
                "4": {"status": 1, "target": "vt_gnd", "index": 7, "channel": "local", "distance": 0, "protocol": "logic",
                      "local": {"direct_host": "vt_gnd", "index": 7}},
                "5": {"status": 1, "target": "battery",  "index": 0, "channel": "wl", "distance": 0, "protocol": "v1",
                      "wl": {"interface": "iwlan0", "local_port": 0, "remote_address": "192.168.41.1", "remote_port": 22350, "server": false, "protocol": "tcp"}},
                "6": {"status": 1, "target": "ve_air",  "index": 1, "channel": "wl", "distance": 0, "protocol": "v1",
                      "wl": {"interface": "iwlan0", "local_port": 0, "remote_address": "192.168.41.1", "remote_port": 22350, "server": false, "protocol": "tcp"}},
                "7": {"status": 1, "target": "glass",  "index": 1, "channel": "wl", "distance": 0, "protocol": "v1",
                      "wl": {"interface": "iwlan0", "local_port": 0, "remote_address": "192.168.41.3", "remote_port": 22351, "server": false, "protocol": "tcp"}},
                "8": {"status": 1, "target": "pc", "index": 1, "channel": "local", "distance": 0, "protocol": "logic",
                      "local": {"direct_host": "ve_gnd", "index": 1}}
            },
            "whoami": {
                "host": "whoami", "index": 0,
                "1": {"status": 1, "target": "ve_gnd", "index": 1, "channel": "local", "distance": 0, "protocol": "logic",
                      "local": {"direct_host": "ve_gnd", "index": 1}}
            },
            "all": {
                "host": "all", "index": 0,
                "1": {"status": 1, "target": "pc",  "index": 0, "channel": "local", "distance": 0, "protocol": "logic",
                     "local": {"direct_host": "ve_gnd", "index": 1}},
                "2": {"status": 1, "target": "pc",  "index": 1, "channel": "local", "distance": 0, "protocol": "logic",
                     "local": {"direct_host": "ve_gnd", "index": 1}},
                "3": {"status": 1, "target": "mobile", "index": 0, "channel": "local", "distance": 0, "protocol": "logic",
                    "local": {"direct_host": "vt_gnd", "index": 0}},
                "4": {"status": 1, "target": "ve_gnd",   "index": 7, "channel": "local", "distance": 0, "protocol": "logic",
                      "local": {"direct_host": "ve_gnd", "index": 7}}
            }
        },
        "configuration": {
            "sub_devices": {
                "p1": {
                    "with_amba": 0, "conn_mobile": 1
                },
                "bvision": {
                    "status": 0
                },
                "ltc": {
                    "status": 0
                },
                "ultrasonic": {
                    "status": 0
                },
                "download": {
                    "status": 0
                },
                "sdr": {
                    "status": 1
                }
            }
        }
    },
    "test": {
        "mb_route_table": {
            "local": {
                "host": "test", "index": 0,
                "1": {"status": 1, "target": "vt_gnd", "index": 0, "channel": "local", "distance": 0, "protocol": "logic",
                      "local": {"direct_host": "vt_gnd", "index": 0}},
                "2": {"status": 1, "target": "ve_gnd", "index": 0, "channel": "local", "distance": 0, "protocol": "logic",
                      "local": {"direct_host": "ve_gnd", "index": 0}},
                "3": {"status": 1, "target": "rc",   "index": 0, "channel": "local", "distance": 0, "protocol": "logic",
                      "local": {"direct_host": "rc", "index": 0}},
                "4": {"status": 1, "target": "pc", "index": 1, "channel": "local", "distance": 0, "protocol": "logic",
                      "local": {"direct_host": "vt_gnd", "index": 0}},
                "5": {"status": 1, "target": "mobile", "index": 0, "channel": "local", "distance": 0, "protocol": "logic",
                      "local": {"direct_host": "vt_gnd", "index": 0}},
                "6": {"status": 1, "target": "test", "index": 0, "channel": "local", "distance": 0, "protocol": "logic",
                      "local": {"direct_host": "test", "index": 0}},
                "7": {"status": 1, "target": "ve_gnd", "index": 1, "channel": "local", "distance": 0, "protocol": "logic",
                      "local": {"direct_host": "ve_gnd", "index": 1}}
            },
            "diag": {
                "host": "ve_gnd", "index": 7,
                "1": {"status": 1, "target": "ve_gnd", "index": 1, "channel": "local", "distance": 0, "protocol": "logic",
                    "local": {"direct_host": "ve_gnd", "index": 1}},
                "2": {"status": 1, "target": "rc", "index": 0, "channel": "local", "distance": 0, "protocol": "logic",
                    "local": {"direct_host": "vt_gnd", "index": 0}},
                "3": {"status": 1, "target": "vt_gnd", "index": 0, "channel": "local", "distance": 0, "protocol": "logic",
                    "local": {"direct_host": "vt_gnd", "index": 0}},
                "4": {"status": 1, "target": "flight", "index": 6, "channel": "local", "distance": 0, "protocol": "logic",
                    "local": {"direct_host": "vt_gnd", "index": 0}},
                "5": {"status": 1, "target": "camera", "index": 0, "channel": "local", "distance": 0, "protocol": "logic",
                    "local": {"direct_host": "vt_gnd", "index": 0}}
            }
        }
    },
    "test_event_s" : {
        "mb_route_table": {
            "wl_dmp" : {
            "host": "test", "index": 0,
            "1": {"status": 1, "target": "test", "index": 1, "channel": "wl", "distance": 0, "protocol": "v1",
                "wl": {"interface": "iwlan0", "local_port": 0, "remote_address": "0.0.0.0", "remote_port": 0, "server": true, "protocol": "dmp"}}
            },
            "wl_tcp" : {
            "host": "test", "index": 0,
            "1": {"status": 1, "target": "test", "index": 1, "channel": "wl", "distance": 0, "protocol": "v1",
                "wl": {"interface": "iwlan0", "local_port": 5555, "remote_address": "0.0.0.0", "remote_port": 0, "server": true, "protocol": "tcp"}}
            },
            "wl_udp" : {
            "host": "test", "index": 0,
            "1": {"status": 1, "target": "test", "index": 1, "channel": "wl", "distance": 0, "protocol": "v1",
                "wl": {"interface": "iwlan0", "local_port": 5555, "remote_address": "0.0.0.0", "remote_port": 0, "server": true, "protocol": "udp"}}
            },
            "wl_udt" : {
            "host": "test", "index": 0,
            "1": {"status": 1, "target": "test", "index": 1, "channel": "wl", "distance": 0, "protocol": "v1",
                "wl": {"interface": "iwlan0", "local_port": 5555, "remote_address": "0.0.0.0", "remote_port": 0, "server": true, "protocol": "udt"}}
            }
        }
    },
    "test_event_c" : {
        "mb_route_table": {
            "wl_dmp" : {
            "host": "test", "index": 1,
            "1": {"status": 1, "target": "test", "index": 0, "channel": "wl", "distance": 0, "protocol": "v1",
                "wl": {"interface": "iwlan0", "local_port": 0, "remote_address": "0.0.0.0", "remote_port": 0, "server": false, "protocol": "dmp"}}
            },
            "wl_tcp" : {
            "host": "test", "index": 1,
            "1": {"status": 1, "target": "test", "index": 0, "channel": "wl", "distance": 0, "protocol": "v1",
                "wl": {"interface": "iwlan0", "local_port": 0, "remote_address": "127.0.0.1", "remote_port": 5555, "server": false, "protocol": "tcp"}}
            },
            "wl_udp" : {
            "host": "test", "index": 1,
            "1": {"status": 1, "target": "test", "index": 0, "channel": "wl", "distance": 0, "protocol": "v1",
                "wl": {"interface": "iwlan0", "local_port": 0, "remote_address": "127.0.0.1", "remote_port": 5555, "server": false, "protocol": "udp"}}
            },
            "wl_udt" : {
            "host": "test", "index": 1,
            "1": {"status": 1, "target": "test", "index": 0, "channel": "wl", "distance": 0, "protocol": "v1",
                "wl": {"interface": "iwlan0", "local_port": 0, "remote_address": "127.0.0.1", "remote_port": 5555, "server": false, "protocol": "udt"}}
            }
        }
    }
}
