{
    "log": {
        "default_level": "error",
        "default_channel": "android_log",
        "default_mask": "enable_all",
        "default_format": [
            "basic"
        ]
    },
    "dump": {
        "default_mask": "enable_all",
        "default_name": "auto"
    },
    "platform": {
        "name": "common",
        "pairing_gpio": 162,
        "dev_info": "WM220 1860AC",
        "hw_str": "WM220 AC",
        "system_init": "sys_platform_wm220a_init"
    },
    "hal": {
        "device_list": [
            {"name": "/dev/video0",     "attach": "duss_hal_attach_p1_v4l2",      "detach": "duss_hal_detach_p1_v4l2"     },
            {"name": "/dev/display0",   "attach": "duss_hal_attach_p1_vout",      "detach": "duss_hal_detach_p1_vout"     },
            {"name": "/dev/ienc0",      "attach": "duss_hal_attach_p1_ienc",      "detach": "duss_hal_detach_p1_ienc"     },
            {"name": "/dev/iencv",      "attach": "duss_hal_attach_p1_ienc",      "detach": "duss_hal_detach_p1_ienc"     },
            {"name": "/dev/venc0",      "attach": "duss_hal_attach_p1_venc",      "detach": "duss_hal_detach_p1_venc"     },
            {"name": "/dev/venc1",      "attach": "duss_hal_attach_p1_venc",      "detach": "duss_hal_detach_p1_venc"     },
            {"name": "/dev/venc2",      "attach": "duss_hal_attach_p1_venc",      "detach": "duss_hal_detach_p1_venc"     },
            {"name": "/dev/venc3",      "attach": "duss_hal_attach_p1_venc",      "detach": "duss_hal_detach_p1_venc"     },
            {"name": "/dev/vencvf",     "attach": "duss_hal_attach_p1_venc",      "detach": "duss_hal_detach_p1_venc"     },
            {"name": "/dev/vencvb",     "attach": "duss_hal_attach_p1_venc",      "detach": "duss_hal_detach_p1_venc"     },
            {"name": "/dev/vdec0",      "attach": "duss_hal_attach_p1_vdec",      "detach": "duss_hal_detach_p1_vdec"     },
            {"name": "/dev/vmem",       "attach": "duss_hal_attach_p1_vmem",      "detach": "duss_hal_detach_p1_vmem"     },
            {"name": "/dev/vmem_cache", "attach": "duss_hal_attach_p1_vmem",      "detach": "duss_hal_detach_p1_vmem"     },
            {"name": "/dev/omem",       "attach": "duss_hal_attach_p1_vmem",      "detach": "duss_hal_detach_p1_vmem"     },
            {"name": "/dev/o2d",        "attach": "duss_hal_attach_p1_o2d",       "detach": "duss_hal_detach_p1_o2d"      },
            {"name": "/dev/o2d2",       "attach": "duss_hal_attach_p1_o2d",       "detach": "duss_hal_detach_p1_o2d"      },
            {"name": "/dev/v2d",        "attach": "duss_hal_attach_p1_v2d",       "detach": "duss_hal_detach_p1_v2d"      },
            {"name": "/dev/ttyS0",      "attach": "duss_hal_attach_linux_tty",    "detach": "duss_hal_detach_linux_tty"   },
            {"name": "/dev/ttyS1",      "attach": "duss_hal_attach_linux_tty",    "detach": "duss_hal_detach_linux_tty"   },
            {"name": "/dev/ttyS2",      "attach": "duss_hal_attach_linux_tty",    "detach": "duss_hal_detach_linux_tty"   },
            {"name": "/dev/ttyS3",      "attach": "duss_hal_attach_linux_tty",    "detach": "duss_hal_detach_linux_tty"   },
            {"name": "/dev/ttyACM:v4255p0052",    "attach": "duss_hal_attach_linux_tty",    "detach": "duss_hal_detach_linux_tty"   },
            {"name": "/dev/ttyACM:vFFF0p0008",    "attach": "duss_hal_attach_linux_tty",    "detach": "duss_hal_detach_linux_tty"   },
            {"name": "/dev/ttyACM0",    "attach": "duss_hal_attach_linux_tty",    "detach": "duss_hal_detach_linux_tty"   },
            {"name": "/dev/ttyACM1",    "attach": "duss_hal_attach_linux_tty",    "detach": "duss_hal_detach_linux_tty"   },
            {"name": "/dev/ttyACM2",    "attach": "duss_hal_attach_linux_tty",    "detach": "duss_hal_detach_linux_tty"   },
            {"name": "/dev/ttyACM3",    "attach": "duss_hal_attach_linux_tty",    "detach": "duss_hal_detach_linux_tty"   },
            {"name": "/dev/i2c-0",      "attach": "duss_hal_attach_linux_i2c",    "detach": "duss_hal_detach_linux_i2c"   },
            {"name": "/dev/i2c-1",      "attach": "duss_hal_attach_linux_i2c",    "detach": "duss_hal_detach_linux_i2c"   },
            {"name": "/dev/i2c-4",      "attach": "duss_hal_attach_linux_i2c",    "detach": "duss_hal_detach_linux_i2c"   },
            {"name": "/dev/spidev0.0",  "attach": "duss_hal_attach_linux_spi",    "detach": "duss_hal_detach_linux_spi"   },
            {"name": "/dev/spidev1.0",  "attach": "duss_hal_attach_linux_spi",    "detach": "duss_hal_detach_linux_spi"   },
            {"name": "/sys/class/gpio", "attach": "duss_hal_attach_linux_gpio",   "detach": "duss_hal_detach_linux_gpio"  },
            {"name": "/dev/ttyGS0",     "attach": "duss_hal_attach_linux_tty",    "detach": "duss_hal_detach_linux_tty"   }
        ]
    },
    "process": {
        "dji_monitor": {
            "log": {
                "default_level": "error",
                "default_channel": "android_log",
                "default_mask": "enable_all",
                "default_format": [
                    "basic"
                ]
            },
            "dump": {
                "default_mask": "enable_all",
                "default_name": "auto",
                "output_port": 8905,
                "default_enable": 0
            }
        },
        "dji_sys": {
            "log": {
                "default_level": "warning",
                "default_channel": "android_log",
                "default_mask": "enable_all",
                "default_module": [
                    {"upgrade": "info"}
                ],
                "default_format": [
                    "basic"
                ]
            },
            "dump": {
                "default_mask": "enable_all",
                "default_name": "auto",
                "output_port": 8906,
                "default_enable": 0
            }
        },
        "dji_encoding": {
            "log": {
                "default_level": "warning",
                "default_channel": "android_log",
                "default_mask": "enable_all",
                "default_module": [
                   {"network": "info"}
                ],
                "default_format": [
                    "basic"
                ]
            },
            "dump": {
                "default_mask": "enable_all",
                "default_name": "auto",
                "output_port": 8907,
                "default_enable": 0
            }
        },
        "dji_vision": {
            "log": {
                "default_level": "warning",
                "default_channel": "android_log",
                "default_mask": "enable_all",
                "default_format": [
                    "basic"
                ]
            },
            "dump": {
                "default_mask": "enable_all",
                "default_name": "auto",
                "output_port": 8908,
                "default_enable": 0
            }
        },
        "dji_hdvt_uav": {
            "log": {
                "default_level": "warning",
                "default_channel": "android_log",
                "default_mask": "enable_all",
                "default_module": [
                    {"upgrade": "info"},
                    {"network": "info"}
                ],
                "default_format": [
                    "basic"
                ]
            },
            "dump": {
                "default_mask": "enable_all",
                "default_name": "auto",
                "output_port": 8909,
                "default_enable": 0
            }
        },
        "dji_mb_ctrl": {
            "log": {
                "default_level": "warning",
                "default_channel": "android_log",
                "default_mask": "enable_all",
                "default_format": [
                    "basic"
                ]
            },
            "dump": {
                "default_mask": "enable_all",
                "default_name": "auto",
                "output_port": 8910,
                "default_enable": 0
            }
        },
        "dji_network": {
            "log": {
                "default_level": "warning",
                "default_channel": "android_log",
                "default_mask": "enable_all",
                "default_format": [
                    "basic"
                ]
            },
            "dump": {
                "default_mask": "enable_all",
                "default_name": "auto",
                "output_port": 8911,
                "default_enable": 0
            }
        },
        "sdrs": {
            "log": {
                "default_level": "warning",
                "default_channel": "android_log",
                "default_mask": "enable_all",
                "default_format": [
                    "basic"
                ]
            },
            "dump": {
                "default_mask": "enable_all",
                "default_name": "auto",
                "output_port": 8912,
                "default_enable": 0
            }
        },
        "sdrs_log": {
            "log": {
                "default_level": "warning",
                "default_channel": "android_log",
                "default_mask": "enable_all",
                "default_format": [
                    "basic"
                ]
            },
            "dump": {
                "default_mask": "enable_all",
                "default_name": "auto",
                "output_port": 8913,
                "default_enable": 0
            }
        }
    },
    "vtair_service": {
        "mb_route_table": {
            "vt_sdr_ext": {
                "host": "vt_air", "index": 0,
                "1": {"status": 1, "target": "camera",  "index": 0, "channel": "uart",  "distance": 0, "protocol": "v1",
                      "uart": {"interface": "/dev/ttyS2", "baudrate": 460800, "parity": 0, "stopbit": 0, "wordlen": 8}},
                "2": {"status": 1, "target": "gimbal", "index": 0, "channel": "uart",  "distance": 0, "protocol": "v1",
                      "uart": {"interface": "/dev/ttyS2", "baudrate": 460800, "parity": 0, "stopbit": 0, "wordlen": 8}},
                "3": {"status": 1, "target": "mvision", "index": 7, "channel": "local", "distance": 0, "protocol": "logic",
                      "local": {"direct_host": "mvision", "index": 7}},
                "4": {"status": 1, "target": "flight", "index": 0, "channel": "uart",  "distance": 0, "protocol": "v1",
                      "uart": {"interface": "/dev/ttyS1", "baudrate": 921600, "parity": 0, "stopbit": 0, "wordlen": 8}},
                "5": {"status": 1, "target": "flight", "index": 5, "channel": "uart",  "distance": 0, "protocol": "v1",
                      "uart": {"interface": "/dev/ttyS1", "baudrate": 921600, "parity": 0, "stopbit": 0, "wordlen": 8}},
                "6": {"status": 1, "target": "flight", "index": 6, "channel": "uart",  "distance": 0, "protocol": "v1",
                      "uart": {"interface": "/dev/ttyS1", "baudrate": 921600, "parity": 0, "stopbit": 0, "wordlen": 8}},
                "7": {"status": 1, "target": "battery", "index": 0, "channel": "uart",  "distance": 0, "protocol": "v1",
                      "uart": {"interface": "/dev/ttyS1", "baudrate": 921600, "parity": 0, "stopbit": 0, "wordlen": 8}},
                "8": {"status": 1, "target": "esc",  "index": 0, "channel": "uart",  "distance": 0, "protocol": "v1",
                      "uart": {"interface": "/dev/ttyS1", "baudrate": 921600, "parity": 0, "stopbit": 0, "wordlen": 8}},
                "9": {"status": 1, "target": "esc",  "index": 1, "channel": "uart",  "distance": 0, "protocol": "v1",
                      "uart": {"interface": "/dev/ttyS1", "baudrate": 921600, "parity": 0, "stopbit": 0, "wordlen": 8}},
                "10": {"status": 1, "target": "esc",  "index": 2, "channel": "uart",  "distance": 0, "protocol": "v1",
                      "uart": {"interface": "/dev/ttyS1", "baudrate": 921600, "parity": 0, "stopbit": 0, "wordlen": 8}},
                "11": {"status": 1, "target": "esc",  "index": 3, "channel": "uart",  "distance": 0, "protocol": "v1",
                      "uart": {"interface": "/dev/ttyS1", "baudrate": 921600, "parity": 0, "stopbit": 0, "wordlen": 8}},
                "12": {"status": 1, "target": "bvision",  "index": 0, "channel": "uart",  "distance": 0, "protocol": "v1",
                      "uart": {"interface": "/dev/ttyS1", "baudrate": 921600, "parity": 0, "stopbit": 0, "wordlen": 8}},
                "13": {"status": 1, "target": "vt_gnd", "index": 0, "channel": "wl",     "distance": 0, "protocol": "v1",
                      "wl": {"interface": "iwlan0", "local_port": 0, "remote_address": "0.0.0.0", "remote_port": 0, "server": true, "protocol": "dmp"}},
                "14": {"status": 1, "target": "mobile",  "index": 0, "channel": "wl",    "distance": 0, "protocol": "v1",
                      "wl": {"interface": "iwlan0", "local_port": 0, "remote_address": "0.0.0.0", "remote_port": 0, "server": true, "protocol": "dmp"}},
                "15": {"status": 1, "target": "glass",  "index": 0, "channel": "wl",    "distance": 0, "protocol": "v1",
                      "wl": {"interface": "iwlan0", "local_port": 0, "remote_address": "0.0.0.0", "remote_port": 0, "server": true, "protocol": "dmp"}},
                "16": {"status": 1, "target": "rc", "index": 0, "channel": "wl",     "distance": 0, "protocol": "v1",
                      "wl": {"interface": "iwlan0", "local_port": 0, "remote_address": "0.0.0.0", "remote_port": 0, "server": true, "protocol": "dmp"}},
                "17": {"status": 1, "target": "ve_gnd", "index": 1, "channel": "wl",     "distance": 0, "protocol": "v1",
                      "wl": {"interface": "iwlan0", "local_port": 0, "remote_address": "0.0.0.0", "remote_port": 0, "server": true, "protocol": "dmp"}},
                "18": {"status": 1, "target": "ve_gnd", "index": 1, "channel": "wl", "distance": 0, "protocol": "v1",
                      "wl": {"interface": "iwlan0", "local_port": 0, "remote_address": "0.0.0.0", "remote_port": 0, "server": true, "protocol": "dmp"}},
                "19": {"status": 1, "target": "ve_gnd", "index": 7, "channel": "wl",     "distance": 0, "protocol": "v1",
                      "wl": {"interface": "iwlan0", "local_port": 0, "remote_address": "0.0.0.0", "remote_port": 0, "server": true, "protocol": "dmp"}},
                "20": {"status": 1, "target": "vt_gnd",  "index": 7, "channel": "wl",    "distance": 0, "protocol": "v1",
                      "wl": {"interface": "iwlan0", "local_port": 0, "remote_address": "0.0.0.0", "remote_port": 0, "server": true, "protocol": "dmp"}},
                "21": {"status": 1, "target": "glass",  "index": 7, "channel": "wl",    "distance": 0, "protocol": "v1",
                      "wl": {"interface": "iwlan0", "local_port": 0, "remote_address": "0.0.0.0", "remote_port": 0, "server": true, "protocol": "dmp"}},
                "22": {"status": 0, "target": "mobile", "index": 0, "channel": "local", "distance": 0, "protocol": "logic",
                      "local": {"direct_host": "ve_air", "index": 0}},
                "23": {"status": 1, "target": "ve_air", "index": 0, "channel": "local", "distance": 0, "protocol": "logic",
                      "local": {"direct_host": "ve_air", "index": 0}},
                "24": {"status": 1, "target": "ve_air", "index": 1, "channel": "local", "distance": 0, "protocol": "logic",
                      "local": {"direct_host": "ve_air", "index": 1}},
                "25": {"status": 1, "target": "ve_air",   "index": 7, "channel": "local", "distance": 0, "protocol": "logic",
                      "local": {"direct_host": "ve_air", "index": 7}},
                "26": {"status": 1, "target": "vt_air",   "index": 7, "channel": "local", "distance": 0, "protocol": "logic",
                      "local": {"direct_host": "vt_air", "index": 7}},
                "27": {"status": 1, "target": "network", "index": 0, "channel": "local", "distance": 0, "protocol": "logic",
                      "local": {"direct_host": "network", "index": 0}},
                "28": {"status": 1, "target": "all",  "index": 0, "channel": "local", "distance": 0, "protocol": "logic",
                      "local": {"direct_host": "all", "index": 0}},
                "33": {"status": 1, "target": "pc",  "index": 0, "channel": "local", "distance": 0, "protocol": "logic",
                      "local": {"direct_host": "ve_air", "index": 1}},
                "34": {"status": 1, "target": "pc",  "index": 1, "channel": "local", "distance": 0, "protocol": "logic",
                      "local": {"direct_host": "ve_air", "index": 1}},
                "35": {"status": 1, "target": "pc", "index": 3, "channel": "local", "distance": 0, "protocol": "logic",
                      "local": {"direct_host": "ve_air", "index": 1}},
                "36": {"status": 1, "target": "test",   "index": 0, "channel": "local", "distance": 0, "protocol": "logic",
                      "local": {"direct_host": "test", "index": 0}}
            },
            "vt_sdr_fc": {
                "host": "vt_air", "index": 0,
                "1": {"status": 1, "target": "camera",  "index": 0, "channel": "uart",  "distance": 0, "protocol": "v1",
                      "uart": {"interface": "/dev/ttyS2", "baudrate": 460800, "parity": 0, "stopbit": 0, "wordlen": 8}},
                "2": {"status": 1, "target": "gimbal", "index": 0, "channel": "uart",  "distance": 0, "protocol": "v1",
                      "uart": {"interface": "/dev/ttyS2", "baudrate": 460800, "parity": 0, "stopbit": 0, "wordlen": 8}},
                "3": {"status": 1, "target": "mvision", "index": 7, "channel": "local", "distance": 0, "protocol": "logic",
                      "local": {"direct_host": "mvision", "index": 7}},
                "4": {"status": 1, "target": "flight", "index": 0, "channel": "wl",  "distance": 0, "protocol": "v1",
                      "wl": {"interface": "iwlan0", "local_port": 0, "remote_address": "0.0.0.0", "remote_port": 1, "server": true, "protocol": "dmp_v2"}},
                "5": {"status": 1, "target": "flight", "index": 5, "channel": "wl",  "distance": 0, "protocol": "v1",
                      "wl": {"interface": "iwlan0", "local_port": 0, "remote_address": "0.0.0.0", "remote_port": 1, "server": true, "protocol": "dmp_v2"}},
                "6": {"status": 1, "target": "flight", "index": 6, "channel": "wl",  "distance": 0, "protocol": "v1",
                      "wl": {"interface": "iwlan0", "local_port": 0, "remote_address": "0.0.0.0", "remote_port": 1, "server": true, "protocol": "dmp_v2"}},
                "7": {"status": 1, "target": "battery", "index": 0, "channel": "wl",  "distance": 0, "protocol": "v1",
                      "wl": {"interface": "iwlan0", "local_port": 0, "remote_address": "0.0.0.0", "remote_port": 1, "server": true, "protocol": "dmp_v2"}},
                "8": {"status": 1, "target": "esc",  "index": 0, "channel": "wl",  "distance": 0, "protocol": "v1",
                      "wl": {"interface": "iwlan0", "local_port": 0, "remote_address": "0.0.0.0", "remote_port": 1, "server": true, "protocol": "dmp_v2"}},
                "9": {"status": 1, "target": "esc",  "index": 1, "channel": "wl",  "distance": 0, "protocol": "v1",
                      "wl": {"interface": "iwlan0", "local_port": 0, "remote_address": "0.0.0.0", "remote_port": 1, "server": true, "protocol": "dmp_v2"}},
                "10": {"status": 1, "target": "esc",  "index": 2, "channel": "wl",  "distance": 0, "protocol": "v1",
                      "wl": {"interface": "iwlan0", "local_port": 0, "remote_address": "0.0.0.0", "remote_port": 1, "server": true, "protocol": "dmp_v2"}},
                "11": {"status": 1, "target": "esc",  "index": 3, "channel": "wl",  "distance": 0, "protocol": "v1",
                      "wl": {"interface": "iwlan0", "local_port": 0, "remote_address": "0.0.0.0", "remote_port": 1, "server": true, "protocol": "dmp_v2"}},
                "12": {"status": 1, "target": "bvision",  "index": 0, "channel": "wl",  "distance": 0, "protocol": "v1",
                      "wl": {"interface": "iwlan0", "local_port": 0, "remote_address": "0.0.0.0", "remote_port": 1, "server": true, "protocol": "dmp_v2"}},
                "13": {"status": 1, "target": "vt_gnd", "index": 0, "channel": "wl",     "distance": 0, "protocol": "v1",
                      "wl": {"interface": "iwlan0", "local_port": 0, "remote_address": "0.0.0.0", "remote_port": 0, "server": true, "protocol": "dmp_v2"}},
                "14": {"status": 1, "target": "mobile",  "index": 0, "channel": "wl",    "distance": 0, "protocol": "v1",
                      "wl": {"interface": "iwlan0", "local_port": 0, "remote_address": "0.0.0.0", "remote_port": 0, "server": true, "protocol": "dmp_v2"}},
                "15": {"status": 1, "target": "glass",  "index": 0, "channel": "wl",    "distance": 0, "protocol": "v1",
                      "wl": {"interface": "iwlan0", "local_port": 0, "remote_address": "0.0.0.0", "remote_port": 0, "server": true, "protocol": "dmp_v2"}},
                "16": {"status": 1, "target": "rc", "index": 0, "channel": "wl",     "distance": 0, "protocol": "v1",
                      "wl": {"interface": "iwlan0", "local_port": 0, "remote_address": "0.0.0.0", "remote_port": 0, "server": true, "protocol": "dmp_v2"}},
                "17": {"status": 1, "target": "ve_gnd", "index": 1, "channel": "wl",     "distance": 0, "protocol": "v1",
                      "wl": {"interface": "iwlan0", "local_port": 0, "remote_address": "0.0.0.0", "remote_port": 0, "server": true, "protocol": "dmp_v2"}},
                "18": {"status": 1, "target": "ve_gnd", "index": 1, "channel": "wl", "distance": 0, "protocol": "v1",
                      "wl": {"interface": "iwlan0", "local_port": 0, "remote_address": "0.0.0.0", "remote_port": 0, "server": true, "protocol": "dmp_v2"}},
                "19": {"status": 1, "target": "ve_gnd", "index": 7, "channel": "wl",     "distance": 0, "protocol": "v1",
                      "wl": {"interface": "iwlan0", "local_port": 0, "remote_address": "0.0.0.0", "remote_port": 0, "server": true, "protocol": "dmp_v2"}},
                "20": {"status": 1, "target": "vt_gnd",  "index": 7, "channel": "wl",    "distance": 0, "protocol": "v1",
                      "wl": {"interface": "iwlan0", "local_port": 0, "remote_address": "0.0.0.0", "remote_port": 0, "server": true, "protocol": "dmp_v2"}},
                "21": {"status": 1, "target": "glass",  "index": 7, "channel": "wl",    "distance": 0, "protocol": "v1",
                      "wl": {"interface": "iwlan0", "local_port": 0, "remote_address": "0.0.0.0", "remote_port": 0, "server": true, "protocol": "dmp_v2"}},
                "22": {"status": 0, "target": "mobile", "index": 0, "channel": "local", "distance": 0, "protocol": "logic",
                      "local": {"direct_host": "ve_air", "index": 0}},
                "23": {"status": 1, "target": "ve_air", "index": 0, "channel": "local", "distance": 0, "protocol": "logic",
                      "local": {"direct_host": "ve_air", "index": 0}},
                "24": {"status": 1, "target": "ve_air", "index": 1, "channel": "local", "distance": 0, "protocol": "logic",
                      "local": {"direct_host": "ve_air", "index": 1}},
                "25": {"status": 1, "target": "ve_air",   "index": 7, "channel": "local", "distance": 0, "protocol": "logic",
                      "local": {"direct_host": "ve_air", "index": 7}},
                "26": {"status": 1, "target": "vt_air",   "index": 7, "channel": "local", "distance": 0, "protocol": "logic",
                      "local": {"direct_host": "vt_air", "index": 7}},
                "27": {"status": 1, "target": "network", "index": 0, "channel": "local", "distance": 0, "protocol": "logic",
                      "local": {"direct_host": "network", "index": 0}},
                "28": {"status": 1, "target": "all",  "index": 0, "channel": "local", "distance": 0, "protocol": "logic",
                      "local": {"direct_host": "all", "index": 0}},
                "33": {"status": 1, "target": "pc",  "index": 0, "channel": "local", "distance": 0, "protocol": "logic",
                      "local": {"direct_host": "ve_air", "index": 1}},
                "34": {"status": 1, "target": "pc",  "index": 1, "channel": "local", "distance": 0, "protocol": "logic",
                      "local": {"direct_host": "ve_air", "index": 1}},
                "35": {"status": 1, "target": "pc", "index": 3, "channel": "local", "distance": 0, "protocol": "logic",
                      "local": {"direct_host": "ve_air", "index": 1}},
                "36": {"status": 1, "target": "test",   "index": 0, "channel": "local", "distance": 0, "protocol": "logic",
                      "local": {"direct_host": "test", "index": 0}},
                "37": {"status": 1, "target": "mobile",  "index": 2, "channel": "wl",    "distance": 0, "protocol": "v1",
                      "wl": {"interface": "iwlan0", "local_port": 0, "remote_address": "0.0.0.0", "remote_port": 0, "server": true, "protocol": "dmp_v2"}},
                "38": {"status": 1, "target": "glass", "index": 2, "channel": "wl", "distance": 0, "protocol": "v1",
                      "wl":{"interface":"iwlan0", "local_port": 4322, "remote_address": "192.168.41.3", "remote_port": 1233, "server": false, "protocol": "udp"}}
            }
        }
    },
    "veair_service": {
        "mb_route_table": {
            "veair": {
                "host": "ve_air", "index": 0,
                "1": {"status": 1, "target": "ve_air",  "index": 1, "channel": "local", "distance": 0, "protocol": "logic",
                      "local": {"direct_host": "ve_air", "index": 1}},
                "2": {"status": 1, "target": "ve_air",   "index": 7, "channel": "local", "distance": 0, "protocol": "logic",
                      "local": {"direct_host": "ve_air", "index": 7}},
                "3": {"status": 1, "target": "vt_air",  "index": 0, "channel": "local", "distance": 0, "protocol": "logic",
                      "local": {"direct_host": "vt_air", "index": 0}},
                "4": {"status": 1, "target": "camera", "index": 0, "channel": "local", "distance": 0, "protocol": "logic",
                      "local": {"direct_host": "vt_air", "index": 0}},
                "5": {"status": 1, "target": "gimbal",  "index": 0, "channel": "local", "distance": 0, "protocol": "logic",
                      "local": {"direct_host": "vt_air", "index": 0}},
                "6": {"status": 1, "target": "mvision",  "index": 7, "channel": "local", "distance": 0, "protocol": "logic",
                      "local": {"direct_host": "mvision", "index": 7}},
                "7": {"status": 1, "target": "pc", "index": 0, "channel": "local", "distance": 0, "protocol": "logic",
                      "local": {"direct_host": "ve_air", "index": 1}},
                "8": {"status": 1, "target": "test",   "index": 0, "channel": "local", "distance": 0, "protocol": "logic",
                      "local": {"direct_host": "test", "index": 0}},
                "9": {"status": 1, "target": "network", "index": 0, "channel": "local", "distance": 0, "protocol": "logic",
                      "local": {"direct_host": "network", "index": 0}},
                "10": {"status": 1, "target": "mobile",  "index": 0, "channel": "wl", "distance": 0, "protocol": "v1",
                      "wl": {"interface": "iwlan0", "local_port": 9003, "remote_address": "0.0.0.0", "remote_port": 0, "server": true,
                      "protocol": "sw_proto", "priority": "HIGHEST", "flags": 1}},
                "11": {"status": 1, "target": "flight", "index": 0, "channel": "local", "distance": 0, "protocol": "logic",
		      "local": {"direct_host": "vt_air", "index": 0}},
                "12": {"status": 1, "target": "flight", "index": 5, "channel": "local", "distance": 0, "protocol": "logic",
                      "local": {"direct_host": "vt_air", "index": 0}},
                "13": {"status": 1, "target": "flight", "index": 6, "channel": "local", "distance": 0, "protocol": "logic",
                      "local": {"direct_host": "vt_air", "index": 0}},
                "14": {"status": 1, "target": "battery", "index": 0, "channel": "local", "distance": 0, "protocol": "logic",
                      "local": {"direct_host": "vt_air", "index": 0}},
                "15": {"status": 1, "target": "esc", "index": 0, "channel": "local", "distance": 0, "protocol": "logic",
                      "local": {"direct_host": "vt_air", "index": 0}},
                "16": {"status": 1, "target": "esc", "index": 1, "channel": "local", "distance": 0, "protocol": "logic",
                      "local": {"direct_host": "vt_air", "index": 0}},
                "17": {"status": 1, "target": "esc", "index": 2, "channel": "local", "distance": 0, "protocol": "logic",
                      "local": {"direct_host": "vt_air", "index": 0}},
                "18": {"status": 1, "target": "esc", "index": 3, "channel": "local", "distance": 0, "protocol": "logic",
                      "local": {"direct_host": "vt_air", "index": 0}},
                "19": {"status": 1, "target": "bvision", "index": 0, "channel": "local", "distance": 0, "protocol": "logic",
                      "local": {"direct_host": "vt_air", "index": 0}}
            }
        }
    },
    "tracker_service": {
        "mb_route_table": {
            "tracker": {
                "host": "bvision", "index": 0,
                "1": {"status": 1, "target": "camera", "index": 0, "channel": "local", "distance": 0, "protocol": "logic",
                      "local": {"direct_host": "vt_air", "index": 0}},
                "2": {"status": 1, "target": "flight", "index": 0, "channel": "local", "distance": 0, "protocol": "logic",
                      "local": {"direct_host": "vt_air", "index": 0}},
                "3": {"status": 1, "target": "battery", "index": 0, "channel": "local", "distance": 0, "protocol": "logic",
                      "local": {"direct_host": "vt_air", "index": 0}},
                "4": {"status": 1, "target": "mvision", "index": 0, "channel": "spi", "distance": 0, "protocol": "v0",
                      "spi": {"baudrate": 1000000, "lsb_first": 1, "bits_per_word": 8}},
                "5": {"status": 1, "target": "test",   "index": 0, "channel": "local", "distance": 0, "protocol": "logic",
                      "local": {"direct_host": "test", "index": 0}},
                "6": {"status": 1, "target": "ve_air",  "index": 7, "channel": "local", "distance": 0, "protocol": "logic",
                     "local": {"direct_host": "ve_air", "index": 7}}
            }
        }
    },
    "vision_service": {
        "mb_route_table": {
            "vision": {
                "host": "mvision", "index": 7,
                "1": {"status": 1, "target": "vt_air",  "index": 0, "channel": "local", "distance": 0, "protocol": "logic",
                    "local": {"direct_host": "vt_air", "index": 0}},
                "2": {"status": 1, "target": "ve_air", "index": 0, "channel": "local", "distance": 0, "protocol": "logic",
                      "local": {"direct_host": "ve_air", "index": 0}},
                "3": {"status": 1, "target": "camera", "index": 0, "channel": "local", "distance": 0, "protocol": "logic",
                      "local": {"direct_host": "vt_air", "index": 0}},
                "4": {"status": 1, "target": "ve_air", "index": 1, "channel": "local", "distance": 0, "protocol": "logic",
                      "local": {"direct_host": "ve_air", "index": 1}},
                "5": {"status": 1, "target": "ve_air",  "index": 5, "channel": "local", "distance": 0, "protocol": "logic",
                     "local": {"direct_host": "ve_air", "index": 5}},
                "6": {"status": 1, "target": "mobile", "index": 0, "channel": "local", "distance": 0, "protocol": "logic",
                    "local": {"direct_host": "vt_air", "index": 0}},
                "7": {"status": 1, "target": "flight", "index": 6, "channel": "local", "distance": 0, "protocol": "logic",
                    "local": {"direct_host": "vt_air", "index": 0}},
                "8": {"status": 1, "target": "gimbal", "index": 0, "channel": "local", "distance": 0, "protocol": "logic",
                    "local": {"direct_host": "vt_air", "index": 0}},
                "9": {"status": 1, "target": "ve_air",  "index": 2, "channel": "local", "distance": 0, "protocol": "logic",
                     "local": {"direct_host": "ve_air", "index": 2}},
                "10": {"status": 1, "target": "ve_air",  "index": 7, "channel": "local", "distance": 0, "protocol": "logic",
                     "local": {"direct_host": "ve_air", "index": 7}},
                "11": {"status": 1, "target": "pc",  "index": 0, "channel": "local",  "distance": 0, "protocol": "logic",
                      "local": {"direct_host": "ve_air", "index": 1}},
                "12": {"status": 1, "target": "pc",  "index": 1, "channel": "local",  "distance": 0, "protocol": "logic",
                      "local": {"direct_host": "ve_air", "index": 1}},
                "13": {"status": 1, "target": "pc",  "index": 2, "channel": "local",  "distance": 0, "protocol": "logic",
                      "local": {"direct_host": "pc", "index": 2}},
                "14": {"status": 1, "target": "glass",  "index": 0, "channel": "local", "distance": 0, "protocol": "logic",
                     "local": {"direct_host": "vt_air", "index": 0}},
                "15": {"status": 1, "target": "test",   "index": 0, "channel": "local", "distance": 0, "protocol": "logic",
                      "local": {"direct_host": "test", "index": 0}},
                "16": {"status": 1, "target": "mobile",  "index": 6, "channel": "wl",  "distance": 0, "protocol": "v1",
                      "wl": {"interface": "iwlan0", "local_port": 4321, "remote_address": "192.168.41.2", "remote_port": 1234, "server": false, "protocol": "udp"}}
            }
        }
    },
    "network_service": {
        "mb_route_table": {
            "network_local": {
                "host": "network", "index": 0,
                "1": {"status": 1, "target": "vt_air", "index": 0, "channel": "local", "distance": 0, "protocol": "logic",
                      "local": {"direct_host": "vt_air", "index": 0}},
                "2": {"status": 1, "target": "ve_air", "index": 0, "channel": "local", "distance": 0, "protocol": "logic",
                      "local": {"direct_host": "ve_air", "index": 0}},
                "3": {"status": 1, "target": "mobile",  "index": 0, "channel": "local", "distance": 0, "protocol": "logic",
                      "local": {"direct_host": "ve_air", "index": 0}},
                "4": {"status": 1, "target": "pc",  "index": 0, "channel": "local", "distance": 0, "protocol": "logic",
                      "local": {"direct_host": "ve_air", "index": 1}},
                "5": {"status": 1, "target": "flight", "index": 6, "channel": "local", "distance": 0, "protocol": "logic",
                      "local": {"direct_host": "vt_air", "index": 0}},
                "6": {"status": 1, "target": "test",   "index": 0, "channel": "local", "distance": 0, "protocol": "logic",
                      "local": {"direct_host": "test", "index": 0}}
            }
        }
    },
    "system_service": {
        "mb_route_table": {
            "system": {
                "host": "ve_air", "index": 1,
                "1": {"status": 1, "target": "ve_air", "index": 0, "channel": "local", "distance": 0, "protocol": "logic",
                      "local": {"direct_host": "ve_air", "index": 0}},
                "2": {"status": 1, "target": "ve_air", "index": 2, "channel": "local", "distance": 0, "protocol": "logic",
                      "local": {"direct_host": "ve_air", "index": 2}},
                "3": {"status": 1, "target": "ve_air", "index": 3, "channel": "local", "distance": 0, "protocol": "logic",
                      "local": {"direct_host": "ve_air", "index": 3}},
                "4": {"status": 1, "target": "ve_air", "index": 4, "channel": "local", "distance": 0, "protocol": "logic",
                      "local": {"direct_host": "ve_air", "index": 4}},
                "5": {"status": 1, "target": "ve_air",  "index": 5, "channel": "local", "distance": 0, "protocol": "logic",
                     "local": {"direct_host": "ve_air", "index": 5}},
                "6": {"status": 1, "target": "ve_air",  "index": 7, "channel": "local", "distance": 0, "protocol": "logic",
                     "local": {"direct_host": "ve_air", "index": 7}},
                "7": {"status": 1, "target": "vt_air", "index": 0, "channel": "local", "distance": 0, "protocol": "logic",
                      "local": {"direct_host": "vt_air", "index": 0}},
                "8": {"status": 1, "target": "mobile", "index": 0, "channel": "local", "distance": 0, "protocol": "logic",
                      "local": {"direct_host": "vt_air", "index": 0}},
                "9": {"status": 1, "target": "flight",  "index": 6, "channel": "local", "distance": 0, "protocol": "logic",
                      "local": {"direct_host": "vt_air", "index": 0}},
                "10": {"status": 1, "target": "vt_gnd",  "index": 0, "channel": "local", "distance": 0, "protocol": "logic",
                     "local": {"direct_host": "vt_air", "index": 0}},
                "11": {"status": 1, "target": "ve_gnd", "index": 1, "channel": "local", "distance": 0, "protocol": "logic",
                     "local": {"direct_host": "vt_air", "index": 0}},
                "12": {"status": 1, "target": "vt_gnd",  "index": 7, "channel": "local", "distance": 0, "protocol": "logic",
                     "local": {"direct_host": "vt_air", "index": 0}},
                "13": {"status": 1, "target": "glass",  "index": 7, "channel": "local", "distance": 0, "protocol": "logic",
                     "local": {"direct_host": "vt_air", "index": 0}},
                "14": {"status": 1, "target": "camera", "index": 0, "channel": "local", "distance": 0, "protocol": "logic",
                      "local": {"direct_host": "vt_air", "index": 0}},
                "15": {"status": 1, "target": "vt_air", "index": 7, "channel": "local", "distance": 0, "protocol": "logic",
                     "local": {"direct_host": "vt_air", "index": 7}},
                "16": {"status": 0, "target": "flight", "index": 0, "channel": "uart",  "distance": 0, "protocol": "v1",
                      "uart": {"interface": "/dev/ttyACM:vFFF0p0008", "baudrate": 115200, "parity": 0, "stopbit": 0, "wordlen": 8}},
                "17": {"status": 0, "target": "flight", "index": 5, "channel": "uart",  "distance": 0, "protocol": "v1",
                      "uart": {"interface": "/dev/ttyACM:vFFF0p0008", "baudrate": 115200, "parity": 0, "stopbit": 0, "wordlen": 8}},
                "18": {"status": 0, "target": "flight", "index": 6, "channel": "uart",  "distance": 0, "protocol": "v1",
                      "uart": {"interface": "/dev/ttyACM:vFFF0p0008", "baudrate": 115200, "parity": 0, "stopbit": 0, "wordlen": 8}},
                "19": {"status": 0, "target": "battery", "index": 0, "channel": "uart",  "distance": 0, "protocol": "v1",
                      "uart": {"interface": "/dev/ttyACM:vFFF0p0008", "baudrate": 115200, "parity": 0, "stopbit": 0, "wordlen": 8}},
                "20": {"status": 0, "target": "esc",  "index": 0, "channel": "uart",  "distance": 0, "protocol": "v1",
                      "uart": {"interface": "/dev/ttyACM:vFFF0p0008", "baudrate": 115200, "parity": 0, "stopbit": 0, "wordlen": 8}},
                "21": {"status": 0, "target": "esc",  "index": 1, "channel": "uart",  "distance": 0, "protocol": "v1",
                      "uart": {"interface": "/dev/ttyACM:vFFF0p0008", "baudrate": 115200, "parity": 0, "stopbit": 0, "wordlen": 8}},
                "22": {"status": 0, "target": "esc",  "index": 2, "channel": "uart",  "distance": 0, "protocol": "v1",
                      "uart": {"interface": "/dev/ttyACM:vFFF0p0008", "baudrate": 115200, "parity": 0, "stopbit": 0, "wordlen": 8}},
                "23": {"status": 0, "target": "esc",  "index": 3, "channel": "uart",  "distance": 0, "protocol": "v1",
                      "uart": {"interface": "/dev/ttyACM:vFFF0p0008", "baudrate": 115200, "parity": 0, "stopbit": 0, "wordlen": 8}},
                "24": {"status": 0, "target": "camera",  "index": 0, "channel": "ip",  "distance": 0, "protocol": "v1",
                      "ip": {"interface": "usb0", "local_port": 20001, "remote_address": "192.168.1.3", "remote_port": 20001}},
                "25": {"status": 0, "target": "camera", "index": 0, "channel": "uart",  "distance": 0, "protocol": "v1",
                      "uart": {"interface": "/dev/ttyACM:v4255p0052", "baudrate": 115200, "parity": 0, "stopbit": 0, "wordlen": 8}},
                "26": {"status": 0, "target": "camera",  "index": 1, "channel": "ip",  "distance": 0, "protocol": "v1",
                      "ip": {"interface": "usb0", "local_port": 20001, "remote_address": "192.168.1.3", "remote_port": 20001}},
                "27": {"status": 0, "target": "camera", "index": 1, "channel": "uart",  "distance": 0, "protocol": "v1",
                      "uart": {"interface": "/dev/ttyACM:v4255p0052", "baudrate": 115200, "parity": 0, "stopbit": 0, "wordlen": 8}},
                "28": {"status": 1, "target": "gimbal",  "index": 0, "channel": "ip",  "distance": 0, "protocol": "v1",
                      "ip": {"interface": "usb0", "local_port": 20001, "remote_address": "192.168.1.3", "remote_port": 20001}},
                "29": {"status": 0, "target": "gimbal", "index": 0, "channel": "uart",  "distance": 0, "protocol": "v1",
                      "uart": {"interface": "/dev/ttyACM:v4255p0052", "baudrate": 115200, "parity": 0, "stopbit": 0, "wordlen": 8}},
                "30": {"status": 1, "target": "mvision",  "index": 7, "channel": "local", "distance": 0, "protocol": "logic",
                     "local": {"direct_host": "mvision", "index": 7}},
                "31": {"status": 1, "target": "pc",  "index": 0, "channel": "uart",  "distance": 0, "protocol": "v1",
                     "uart": {"interface": "/dev/ttyGS0", "baudrate": 8000000, "parity": 0, "stopbit": 0, "wordlen": 8}},
                "32": {"status": 1, "target": "pc",  "index": 1, "channel": "uart",  "distance": 0, "protocol": "v1",
                     "uart": {"interface": "/dev/ttyGS0", "baudrate": 8000000, "parity": 0, "stopbit": 0, "wordlen": 8}},
                "33": {"status": 1, "target": "pc",  "index": 2, "channel": "local", "distance": 0, "protocol": "logic",
                     "local": {"direct_host": "pc", "index": 2}},
                "34": {"status": 1, "target": "pc", "index": 3, "channel": "wl", "distance": 0, "protocol": "v1",
                    "wl": {"interface": "iwlan0", "local_port": 22350, "remote_address": "0.0.0.0", "remote_port": 0, "server": true, "protocol": "tcp"}},
                "35": {"status": 0, "target": "pc", "index": 1, "channel": "wl", "distance": 0, "protocol": "v1",
                    "wl": {"interface": "iwlan0", "local_port": 22350, "remote_address": "0.0.0.0", "remote_port": 0, "server": true, "protocol": "tcp"}},
                "36": {"status": 1, "target": "whoami",  "index": 0, "channel": "local", "distance": 0, "protocol": "logic",
                     "local": {"direct_host": "whoami", "index": 0}},
                "37": {"status": 1, "target": "test",   "index": 0, "channel": "local", "distance": 0, "protocol": "logic",
                     "local": {"direct_host": "test", "index": 0}},
                "38": {"status": 1, "target": "all",  "index": 0, "channel": "local", "distance": 0, "protocol": "logic",
                     "local": {"direct_host": "all", "index": 0}},
                "39": {"status": 1, "target": "network", "index": 0, "channel": "local", "distance": 0, "protocol": "logic",
                     "local": {"direct_host": "network", "index": 0}},
                "40": {"status": 1, "target": "bvision", "index": 0, "channel": "uart",  "distance": 0, "protocol": "v1",
                     "uart": {"interface": "/dev/ttyACM:vFFF0p0008", "baudrate": 115200, "parity": 0, "stopbit": 0, "wordlen": 8}},
                "41": {"status": 1, "target": "mobile", "index": 7, "channel": "wl", "distance": 0, "protocol": "v1",
                     "wl": {"interface": "iwlan0", "local_port": 0, "remote_address": "192.168.41.2", "remote_port": 9999, "server": false, "protocol": "udp"}}
            },
            "bvision": {
                "host": "ve_air", "index": 2,
                "1": {"status": 1, "target": "ve_air", "index": 1, "channel": "local", "distance": 0, "protocol": "logic",
                      "local": {"direct_host": "ve_air", "index": 1}},
                "2": {"status": 1, "target": "pc",  "index": 1, "channel": "local",  "distance": 0, "protocol": "logic",
                      "local": {"direct_host": "ve_air", "index": 1}},
                "3": {"status": 1, "target": "mobile", "index": 0, "channel": "local", "distance": 0, "protocol": "logic",
                      "local": {"direct_host": "vt_air", "index": 0}},
                "4": {"status": 1, "target": "vt_air", "index": 0, "channel": "local", "distance": 0, "protocol": "logic",
                      "local": {"direct_host": "vt_air", "index": 0}},
                "5": {"status": 1, "target": "pc", "index": 2, "channel": "local", "distance": 0, "protocol": "logic",
                      "local": {"direct_host": "pc", "index": 2}},
                "6": {"status": 1, "target": "pc", "index": 3, "channel": "local", "distance": 0, "protocol": "logic",
                      "local": {"direct_host": "ve_air", "index": 1}},
                "7": {"status": 1, "target": "ve_air", "index": 7, "channel": "local", "distance": 0, "protocol": "logic",
                      "local": {"direct_host": "ve_air", "index": 7}},
                "8": {"status": 1, "target": "mvision", "index": 7, "channel": "local", "distance": 0, "protocol": "logic",
                    "local": {"direct_host": "mvision", "index": 7}},
                "9": {"status": 1, "target": "test", "index": 0, "channel": "local", "distance": 0, "protocol": "logic",
                      "local": {"direct_host": "test", "index": 0}}
            },
            "ltc_fpga": {
                "host": "ve_air", "index": 3,
                "1": {"status": 1, "target": "ve_air", "index": 1, "channel": "local", "distance": 0, "protocol": "logic",
                      "local": {"direct_host": "ve_air", "index": 1}},
                "2": {"status": 1, "target": "pc",  "index": 1, "channel": "local",  "distance": 0, "protocol": "logic",
                      "local": {"direct_host": "ve_air", "index": 1}},
                "3": {"status": 1, "target": "mobile", "index": 0, "channel": "local", "distance": 0, "protocol": "logic",
                      "local": {"direct_host": "ve_air", "index": 1}},
                "4": {"status": 1, "target": "ve_air",  "index": 7, "channel": "local", "distance": 0, "protocol": "logic",
                     "local": {"direct_host": "ve_air", "index": 7}},
                "5": {"status": 1, "target": "pc", "index": 2, "channel": "local", "distance": 0, "protocol": "logic",
                      "local": {"direct_host": "pc", "index": 2}},
                "6": {"status": 1, "target": "test", "index": 0, "channel": "local", "distance": 0, "protocol": "logic",
                      "local": {"direct_host": "test", "index": 0}}
            },
            "ultrasonic": {
                "host": "ve_air", "index": 4,
                "1": {"status": 1, "target": "ve_air", "index": 1, "channel": "local", "distance": 0, "protocol": "logic",
                      "local": {"direct_host": "ve_air", "index": 1}},
                "2": {"status": 1, "target": "pc",  "index": 1, "channel": "local",  "distance": 0, "protocol": "logic",
                      "local": {"direct_host": "ve_air", "index": 1}},
                "3": {"status": 1, "target": "mobile", "index": 0, "channel": "local", "distance": 0, "protocol": "logic",
                      "local": {"direct_host": "ve_air", "index": 1}},
                "4": {"status": 1, "target": "vt_air", "index": 0, "channel": "local", "distance": 0, "protocol": "logic",
                      "local": {"direct_host": "vt_air", "index": 0}},
                "5": {"status": 1, "target": "pc", "index": 2, "channel": "local", "distance": 0, "protocol": "logic",
                      "local": {"direct_host": "pc", "index": 2}},
                "6": {"status": 1, "target": "pc", "index": 3, "channel": "local", "distance": 0, "protocol": "logic",
                      "local": {"direct_host": "ve_air", "index": 1}},
                "7": {"status": 1, "target": "test", "index": 0, "channel": "local", "distance": 0, "protocol": "logic",
                      "local": {"direct_host": "test", "index": 0}},
                "8": {"status": 1, "target": "ve_air", "index": 7, "channel": "local", "distance": 0, "protocol": "logic",
                      "local": {"direct_host": "ve_air", "index": 7}}
            },
            "sdr": {
                "host": "vt_air", "index": 7,
                "1": {"status": 1, "target": "ve_air", "index": 1, "channel": "local", "distance": 0, "protocol": "logic",
                      "local": {"direct_host": "ve_air", "index": 1}},
                "2": {"status": 1, "target": "pc",  "index": 1, "channel": "local",  "distance": 0, "protocol": "logic",
                      "local": {"direct_host": "ve_air", "index": 1}},
                "3": {"status": 1, "target": "mobile", "index": 0, "channel": "local", "distance": 0, "protocol": "logic",
                      "local": {"direct_host": "ve_air", "index": 1}},
                "4": {"status": 1, "target": "vt_air", "index": 0, "channel": "local", "distance": 0, "protocol": "logic",
                      "local": {"direct_host": "vt_air", "index": 0}},
                "5": {"status": 1, "target": "vt_gnd", "index": 0, "channel": "local", "distance": 0, "protocol": "logic",
                      "local": {"direct_host": "vt_air", "index": 0}},
                "6": {"status": 1, "target": "pc", "index": 2, "channel": "local", "distance": 0, "protocol": "logic",
                      "local": {"direct_host": "pc", "index": 2}},
                "7": {"status": 1, "target": "pc", "index": 3, "channel": "local", "distance": 0, "protocol": "logic",
                      "local": {"direct_host": "ve_air", "index": 1}},
                "8": {"status": 1, "target": "test", "index": 0, "channel": "local", "distance": 0, "protocol": "logic",
                      "local": {"direct_host": "test", "index": 0}},
                "9": {"status": 1, "target": "ve_air", "index": 7, "channel": "local", "distance": 0, "protocol": "logic",
                      "local": {"direct_host": "ve_air", "index": 7}}
            },
            "dji_vision": {
                "host": "ve_air", "index": 5,
                "1": {"status": 1, "target": "ve_air", "index": 1, "channel": "local", "distance": 0, "protocol": "logic",
                      "local": {"direct_host": "ve_air", "index": 1}},
                "2": {"status": 1, "target": "pc",  "index": 1, "channel": "local",  "distance": 0, "protocol": "logic",
                      "local": {"direct_host": "ve_air", "index": 1}},
                "3": {"status": 1, "target": "mobile", "index": 0, "channel": "local", "distance": 0, "protocol": "logic",
                      "local": {"direct_host": "ve_air", "index": 1}},
                "4": {"status": 1, "target": "vt_air", "index": 0, "channel": "local", "distance": 0, "protocol": "logic",
                      "local": {"direct_host": "vt_air", "index": 0}},
                "5": {"status": 1, "target": "pc", "index": 2, "channel": "local", "distance": 0, "protocol": "logic",
                      "local": {"direct_host": "pc", "index": 2}},
                "6": {"status": 1, "target": "pc", "index": 3, "channel": "local", "distance": 0, "protocol": "logic",
                      "local": {"direct_host": "ve_air", "index": 1}},
                "7": {"status": 1, "target": "test", "index": 0, "channel": "local", "distance": 0, "protocol": "logic",
                      "local": {"direct_host": "test", "index": 0}},
                "8": {"status": 1, "target": "ve_air", "index": 7, "channel": "local", "distance": 0, "protocol": "logic",
                      "local": {"direct_host": "ve_air", "index": 7}},
                "9": {"status": 1, "target": "mvision", "index": 7, "channel": "local", "distance": 0, "protocol": "logic",
                    "local": {"direct_host": "mvision", "index": 7}}
            },

            "sec_upgrade": {
                "host": "pc", "index": 2,
                "1": {"status": 1, "target": "ve_air", "index": 1, "channel": "local", "distance": 0, "protocol": "logic",
                    "local": {"direct_host": "ve_air", "index": 1}},
                "2": {"status": 1, "target": "camera",  "index": 0, "channel": "local", "distance": 0, "protocol": "logic",
                    "local": {"direct_host": "ve_air", "index": 1}},
                "3": {"status": 1, "target": "camera",  "index": 1, "channel": "local", "distance": 0, "protocol": "logic",
                    "local": {"direct_host": "ve_air", "index": 1}},
                "9": {"status": 1, "target": "flight",  "index": 5, "channel": "local", "distance": 0, "protocol": "logic",
                    "local": {"direct_host": "ve_air", "index": 1}},
                "10": {"status": 1, "target": "flight",  "index": 6, "channel": "local", "distance": 0, "protocol": "logic",
                    "local": {"direct_host": "ve_air", "index": 1}},
                "11": {"status": 1, "target": "esc",  "index": 0, "channel": "local", "distance": 0, "protocol": "logic",
                    "local": {"direct_host": "ve_air", "index": 1}},
                "12": {"status": 1, "target": "esc",  "index": 1, "channel": "local", "distance": 0, "protocol": "logic",
                    "local": {"direct_host": "ve_air", "index": 1}},
                "13": {"status": 1, "target": "esc",  "index": 2, "channel": "local", "distance": 0, "protocol": "logic",
                    "local": {"direct_host": "ve_air", "index": 1}},
                "14": {"status": 1, "target": "esc",  "index": 3, "channel": "local", "distance": 0, "protocol": "logic",
                    "local": {"direct_host": "ve_air", "index": 1}},
                "15": {"status": 1, "target": "battery",  "index": 0, "channel": "local", "distance": 0, "protocol": "logic",
                    "local": {"direct_host": "ve_air", "index": 1}},
                "16": {"status": 1, "target": "gimbal",  "index": 0, "channel": "local", "distance": 0, "protocol": "logic",
                    "local": {"direct_host": "ve_air", "index": 1}},
                "17": {"status": 1, "target": "vt_air",  "index": 0, "channel": "local", "distance": 0, "protocol": "logic",
                    "local": {"direct_host": "vt_air", "index": 0}},
                "18": {"status": 1, "target": "ve_air", "index": 2, "channel": "local", "distance": 0, "protocol": "logic",
                    "local": {"direct_host": "ve_air", "index": 2}},
                "19": {"status": 1, "target": "ve_air", "index": 3, "channel": "local", "distance": 0, "protocol": "logic",
                    "local": {"direct_host": "ve_air", "index": 3}},
                "20": {"status": 1, "target": "ve_air", "index": 4, "channel": "local", "distance": 0, "protocol": "logic",
                    "local": {"direct_host": "ve_air", "index": 4}},
                "21": {"status": 1, "target": "mvision", "index": 7, "channel": "local", "distance": 0, "protocol": "logic",
                    "local": {"direct_host": "mvision", "index": 7}},
                "22": {"status": 1, "target": "ve_air", "index": 5, "channel": "local", "distance": 0, "protocol": "logic",
                    "local": {"direct_host": "ve_air", "index": 5}},
                "23": {"status": 1, "target": "vt_air",  "index": 7, "channel": "local", "distance": 0, "protocol": "logic",
                    "local": {"direct_host": "vt_air", "index": 7}}
            },
            "whoami": {
                "host": "whoami", "index": 0,
                "1": {"status": 1, "target": "ve_air", "index": 1, "channel": "local", "distance": 0, "protocol": "logic",
                      "local": {"direct_host": "ve_air", "index": 1}}
            },
            "all": {
                "host": "all", "index": 0,
                "1": {"status": 1, "target": "pc",  "index": 0, "channel": "local", "distance": 0, "protocol": "logic",
                     "local": {"direct_host": "ve_air", "index": 1}},
                "2": {"status": 1, "target": "pc",  "index": 1, "channel": "local", "distance": 0, "protocol": "logic",
                     "local": {"direct_host": "ve_air", "index": 1}},
                "3": {"status": 1, "target": "mobile", "index": 0, "channel": "local", "distance": 0, "protocol": "logic",
                    "local": {"direct_host": "vt_air", "index": 0}},
                "4": {"status": 1, "target": "ve_air",   "index": 7, "channel": "local", "distance": 0, "protocol": "logic",
                      "local": {"direct_host": "ve_air", "index": 7}}
            }
        },
        "configuration": {
            "sub_devices": {
                "p1": {
                    "with_amba": 1, "conn_mobile": 0, "with_led": 1
                },
                "bvision": {
                    "status": 1, "spi_dev": "/dev/spidev0.0", "rate": 10000000, "reset_gpio": 108
                },
                "ltc": {
                    "status": 1, "i2c_dev": "/dev/i2c-1", "rate": 400000, "program_gpio": 227, "ver_ifx": 1
                },
                "ultrasonic": {
                    "status": 1, "uart_dev": "/dev/ttyS0", "baudrate": 115200, "reset_gpio": 228, "power_gpio": 229
                },
                "download": {
                    "status": 0
                },
                "sdr": {
                    "status": 1
                },
                "dji_vision": {
                    "status": 1
                }
            }
        }
    },
    "download_service": {
        "mb_route_table": {
            "download": {
                "host": "vt_air", "index": 5,
                "1": {"status": 1, "target": "camera", "index": 0, "channel": "wl", "distance": 0, "protocol": "v1",
                      "wl": {"interface": "iwlan0", "local_port": 20002, "remote_address": "192.168.1.3", "remote_port": 20002, "server": true, "protocol": "tcp"}},
                "3": {"status": 1, "target": "mobile",  "index": 0, "channel": "wl",  "distance": 0, "protocol": "v1",
                      "wl": {"interface": "iwlan0", "local_port": 0, "remote_address": "192.168.41.2", "remote_port": 5555, "server": false, "protocol": "udt"}},
                "5": {"status": 1, "target": "camera",  "index": 7, "channel": "ip",  "distance": 0, "protocol": "v1",
                      "ip": {"interface": "usb0", "local_port": 20000, "remote_address": "192.168.1.3", "remote_port": 20000}}
            }
        }
    },
    "test": {
        "mb_route_table": {
            "local": {
                "host": "test", "index": 0,
                "1": {"status": 1, "target": "flight", "index": 0, "channel": "local", "distance": 0, "protocol": "logic",
                      "local": {"direct_host": "flight", "index": 0}},
                "2": {"status": 1, "target": "vt_air", "index": 0, "channel": "local", "distance": 0, "protocol": "logic",
                      "local": {"direct_host": "vt_air", "index": 0}},
                "3": {"status": 1, "target": "ve_air", "index": 0, "channel": "local", "distance": 0, "protocol": "logic",
                      "local": {"direct_host": "ve_air", "index": 0}},
                "4": {"status": 1, "target": "gimbal", "index": 0, "channel": "local", "distance": 0, "protocol": "logic",
                      "local": {"direct_host": "gimbal", "index": 0}},
                "5": {"status": 1, "target": "bvision", "index": 0, "channel": "local", "distance": 0, "protocol": "logic",
                      "local": {"direct_host": "bvision", "index": 0}},
                "6": {"status": 1, "target": "mvision", "index": 7, "channel": "local", "distance": 0, "protocol": "logic",
                      "local": {"direct_host": "mvision", "index": 7}},
                "7": {"status": 1, "target": "ve_air", "index": 1, "channel": "local", "distance": 0, "protocol": "logic",
                      "local": {"direct_host": "ve_air", "index": 1}},
                "8": {"status": 1, "target": "ve_air", "index": 4, "channel": "local", "distance": 0, "protocol": "logic",
                      "local": {"direct_host": "ve_air", "index": 4}},
                "9": {"status": 1, "target": "ve_air", "index": 3, "channel": "local", "distance": 0, "protocol": "logic",
                      "local": {"direct_host": "ve_air", "index": 3}},
                "10": {"status": 1, "target": "ve_air", "index": 2, "channel": "local", "distance": 0, "protocol": "logic",
                      "local": {"direct_host": "ve_air", "index": 2}},
                "11": {"status": 1, "target": "network", "index": 0, "channel": "local", "distance": 0, "protocol": "logic",
                      "local": {"direct_host": "network", "index": 0}}
            },
            "diag": {
                "host": "ve_air", "index": 7,
                "1": {"status": 1, "target": "ve_air", "index": 1, "channel": "local", "distance": 0, "protocol": "logic",
                    "local": {"direct_host": "ve_air", "index": 1}},
                "2": {"status": 1, "target": "camera",  "index": 0, "channel": "local", "distance": 0, "protocol": "logic",
                    "local": {"direct_host": "ve_air", "index": 1}},
                "3": {"status": 1, "target": "camera",  "index": 1, "channel": "local", "distance": 0, "protocol": "logic",
                    "local": {"direct_host": "ve_air", "index": 1}},
                "4": {"status": 1, "target": "flight",  "index": 0, "channel": "local", "distance": 0, "protocol": "logic",
                    "local": {"direct_host": "ve_air", "index": 1}},
                "5": {"status": 1, "target": "flight",  "index": 1, "channel": "local", "distance": 0, "protocol": "logic",
                    "local": {"direct_host": "ve_air", "index": 1}},
                "6": {"status": 1, "target": "flight",  "index": 2, "channel": "local", "distance": 0, "protocol": "logic",
                    "local": {"direct_host": "ve_air", "index": 1}},
                "7": {"status": 1, "target": "flight",  "index": 3, "channel": "local", "distance": 0, "protocol": "logic",
                    "local": {"direct_host": "ve_air", "index": 1}},
                "8": {"status": 1, "target": "flight",  "index": 4, "channel": "local", "distance": 0, "protocol": "logic",
                    "local": {"direct_host": "ve_air", "index": 1}},
                "9": {"status": 1, "target": "flight",  "index": 5, "channel": "local", "distance": 0, "protocol": "logic",
                    "local": {"direct_host": "ve_air", "index": 1}},
                "10": {"status": 1, "target": "flight",  "index": 6, "channel": "local", "distance": 0, "protocol": "logic",
                    "local": {"direct_host": "vt_air", "index": 0}},
                "11": {"status": 1, "target": "esc",  "index": 0, "channel": "local", "distance": 0, "protocol": "logic",
                    "local": {"direct_host": "ve_air", "index": 1}},
                "12": {"status": 1, "target": "esc",  "index": 1, "channel": "local", "distance": 0, "protocol": "logic",
                    "local": {"direct_host": "ve_air", "index": 1}},
                "13": {"status": 1, "target": "esc",  "index": 2, "channel": "local", "distance": 0, "protocol": "logic",
                    "local": {"direct_host": "ve_air", "index": 1}},
                "14": {"status": 1, "target": "esc",  "index": 3, "channel": "local", "distance": 0, "protocol": "logic",
                    "local": {"direct_host": "ve_air", "index": 1}},
                "15": {"status": 1, "target": "battery",  "index": 0, "channel": "local", "distance": 0, "protocol": "logic",
                    "local": {"direct_host": "ve_air", "index": 1}},
                "14": {"status": 1, "target": "gimbal",  "index": 0, "channel": "local", "distance": 0, "protocol": "logic",
                    "local": {"direct_host": "ve_air", "index": 1}},
                "15": {"status": 1, "target": "vt_air",  "index": 0, "channel": "local", "distance": 0, "protocol": "logic",
                    "local": {"direct_host": "vt_air", "index": 0}},
                "16": {"status": 1, "target": "ve_air", "index": 2, "channel": "local", "distance": 0, "protocol": "logic",
                    "local": {"direct_host": "ve_air", "index": 2}},
                "17": {"status": 1, "target": "ve_air", "index": 3, "channel": "local", "distance": 0, "protocol": "logic",
                    "local": {"direct_host": "ve_air", "index": 3}},
                "18": {"status": 1, "target": "ve_air", "index": 4, "channel": "local", "distance": 0, "protocol": "logic",
                    "local": {"direct_host": "ve_air", "index": 4}},
                "19": {"status": 1, "target": "mvision",  "index": 7, "channel": "local", "distance": 0, "protocol": "logic",
                    "local": {"direct_host": "mvision", "index": 7}},
                "20": {"status": 1, "target": "ve_gnd",  "index": 0, "channel": "local", "distance": 0, "protocol": "logic",
                    "local": {"direct_host": "vt_air", "index": 0}},
                "21": {"status": 1, "target": "ve_air", "index": 0, "channel": "local", "distance": 0, "protocol": "logic",
                    "local": {"direct_host": "ve_air", "index": 0}}
            }
        }
    }
}
